Store,Price,Quantity
""
2096,13.0,1
864,13.0,1
433,13.0,1
192,13.0,1
4299,13.0,1
879,20.0,4
444,25.0,2
3570,25.0,1
1711,29.0,3
113,40.0,3
389,49.0,3
940,49.0,2
706,49.0,4
2284,49.0,4
1453,49.0,3
4358,49.0,3
2084,49.0,1
2642,49.0,1
769,49.0,6
1949,49.0,8
1230,49.0,4
2795,49.0,6
2484,49.0,7
5432,49.0,4
2978,49.0,3
4,49.0,6
5154,49.0,4
1571,49.0,4
1304,49.0,11
5883,49.0,6
546,49.0,8
3513,49.0,4
1810,49.0,7
359,49.0,2
932,49.0,2
472,49.0,6
3783,49.0,3
2231,49.0,6
1455,49.0,4
1686,49.0,5
4612,49.0,2
2491,49.0,2
59,49.0,7
1348,49.0,6
2804,49.0,3
5438,49.0,6
1811,49.0,2
2643,49.0,4
361,49.0,2
234,49.0,3
942,49.0,19
8,49.0,3
3572,49.0,3
1237,49.0,8
1654,49.0,10
5155,49.0,6
818,49.0,5
4368,49.0,3
4615,49.0,3
708,49.0,3
3786,49.0,4
1507,49.0,3
2803,49.0,4
2931,49.0,10
5435,49.0,4
1812,49.0,6
3386,49.0,3
2087,49.0,6
943,49.0,11
2457,49.0,3
2287,49.0,4
1458,49.0,3
1126,49.0,6
124,49.0,3
3580,49.0,5
475,49.0,6
5157,49.0,2
4370,49.0,8
4616,49.0,2
1952,49.0,23
5,49.0,3
822,49.0,8
1687,49.0,2
2806,49.0,1
3389,49.0,3
2647,49.0,4
1238,49.0,7
1457,49.0,3
2494,49.0,4
3784,49.0,4
1127,49.0,3
3581,49.0,1
1574,49.0,9
5160,49.0,4
1953,49.0,3
710,49.0,2
121,49.0,5
2279,49.0,9
4627,49.0,5
823,49.0,2
5443,49.0,7
7,49.0,3
890,49.0,5
3390,49.0,2
1129,49.0,4
1239,49.0,2
3583,49.0,4
2496,49.0,3
125,49.0,3
5156,49.0,8
3785,49.0,3
4372,49.0,3
1689,49.0,3
2986,49.0,7
2086,49.0,7
2644,49.0,4
4623,49.0,2
1578,49.0,3
1804,49.0,11
2808,49.0,5
2292,49.0,9
5444,49.0,2
1354,49.0,1
313,49.0,8
481,49.0,5
1236,49.0,9
2497,49.0,9
3,49.0,1
1800,49.0,5
595,49.0,6
3790,49.0,3
2807,49.0,11
4631,49.0,3
1954,49.0,5
2649,49.0,1
3588,49.0,2
3391,49.0,9
2093,49.0,4
945,49.0,8
1819,49.0,3
1125,49.0,6
5162,49.0,4
127,49.0,3
1577,49.0,3
827,49.0,4
1241,49.0,7
2502,49.0,5
2811,49.0,3
3791,49.0,3
594,49.0,4
1358,49.0,3
2294,49.0,6
10,49.0,4
4379,49.0,8
1692,49.0,3
1459,49.0,5
2988,49.0,3
356,49.0,3
485,49.0,4
5448,49.0,4
777,49.0,5
1133,49.0,2
5146,49.0,5
4381,49.0,2
1580,49.0,2
1752,49.0,17
947,49.0,6
2094,49.0,3
716,49.0,4
3792,49.0,14
2,49.0,3
126,49.0,3
1128,49.0,2
1696,49.0,4
4635,49.0,1
1320,49.0,4
2504,49.0,2
2991,49.0,5
243,49.0,7
601,49.0,11
4340,49.0,3
2654,49.0,3
828,49.0,5
888,49.0,3
365,49.0,3
4637,49.0,3
1823,49.0,9
718,49.0,12
1240,49.0,3
9,49.0,2
2503,49.0,12
2269,49.0,1
1698,49.0,3
3794,49.0,3
489,49.0,4
1353,49.0,5
129,49.0,8
603,49.0,5
3591,49.0,3
2809,49.0,2
4383,49.0,1
1454,49.0,11
831,49.0,5
948,49.0,8
4639,49.0,3
1242,49.0,6
3796,49.0,4
5442,49.0,1
1359,49.0,4
2097,49.0,7
719,49.0,2
602,49.0,3
3590,49.0,2
2505,49.0,3
2812,49.0,6
369,49.0,2
4384,49.0,3
1586,49.0,4
2658,49.0,3
1828,49.0,10
950,49.0,2
5170,49.0,2
1960,49.0,14
1704,49.0,3
721,49.0,5
491,49.0,3
5450,49.0,3
2098,49.0,10
558,49.0,5
3799,49.0,6
2508,49.0,6
4387,49.0,4
2252,49.0,9
820,49.0,3
3402,49.0,4
5893,49.0,2
1466,49.0,3
2993,49.0,3
490,49.0,7
1702,49.0,11
2817,49.0,4
3584,49.0,2
720,49.0,3
1362,49.0,3
5173,49.0,4
4593,49.0,7
834,49.0,4
2306,49.0,2
1245,49.0,10
1959,49.0,5
3802,49.0,2
2101,49.0,2
605,49.0,2
2663,49.0,3
3387,49.0,11
3596,49.0,5
123,49.0,6
2996,49.0,3
5174,49.0,4
2813,49.0,6
2089,49.0,5
1468,49.0,3
2307,49.0,3
608,49.0,5
4653,49.0,3
2506,49.0,4
494,49.0,3
4393,49.0,3
1705,49.0,3
1770,49.0,5
5439,49.0,7
12,49.0,4
5845,49.0,3
2818,49.0,5
1364,49.0,7
3597,49.0,3
1589,49.0,5
1244,49.0,4
2103,49.0,6
220,49.0,2
1469,49.0,4
5175,49.0,3
3014,49.0,13
1962,49.0,11
2309,49.0,3
609,49.0,13
2510,49.0,4
4664,49.0,2
492,49.0,3
2665,49.0,7
959,49.0,2
4394,49.0,4
3601,49.0,7
1179,49.0,3
355,49.0,3
2025,49.0,5
1961,49.0,3
1470,49.0,3
2310,49.0,3
839,49.0,25
3053,49.0,7
254,49.0,2
566,49.0,6
1367,49.0,1
2819,49.0,6
1708,49.0,2
1590,49.0,20
3282,49.0,5
711,49.0,3
1832,49.0,7
2102,49.0,7
1356,49.0,7
838,49.0,3
3760,49.0,3
3602,49.0,8
2667,49.0,1
1252,49.0,2
1892,49.0,6
495,49.0,3
612,49.0,4
4395,49.0,2
1592,49.0,3
1472,49.0,5
1709,49.0,5
3059,49.0,3
4677,49.0,2
253,49.0,5
3408,49.0,5
2513,49.0,3
961,49.0,2
1136,49.0,3
2821,49.0,4
134,49.0,3
22,49.0,1
375,49.0,3
2313,49.0,3
1254,49.0,-1
2668,49.0,5
1593,49.0,5
722,49.0,3
3407,49.0,2
1964,49.0,11
5184,49.0,2
953,49.0,3
1473,49.0,3
4392,49.0,7
2511,49.0,3
497,49.0,4
5888,49.0,8
1707,49.0,8
1079,49.0,4
5462,49.0,3
1835,49.0,10
3610,49.0,1
374,49.0,1
2316,49.0,5
3151,49.0,5
1591,49.0,7
3409,49.0,4
2823,49.0,5
5185,49.0,4
960,49.0,6
2514,49.0,3
2671,49.0,5
499,49.0,6
4399,49.0,8
1710,49.0,1
2105,49.0,0
5463,49.0,4
1836,49.0,11
1137,49.0,4
1474,49.0,25
1256,49.0,9
21,49.0,5
3609,49.0,2
137,49.0,5
4682,49.0,1
256,49.0,5
3400,49.0,1
1594,49.0,6
1965,49.0,3
5189,49.0,4
5466,49.0,5
842,49.0,2
1712,49.0,3
2828,49.0,3
1140,49.0,3
2517,49.0,12
3612,49.0,6
26,49.0,4
3237,49.0,6
615,49.0,4
1191,49.0,4
5931,49.0,1
4683,49.0,4
3412,49.0,4
1966,49.0,3
963,49.0,4
5193,49.0,3
5469,49.0,6
1370,49.0,11
1817,49.0,2
3801,49.0,7
844,49.0,3
2674,49.0,2
1476,49.0,6
2515,49.0,3
1259,49.0,16
5196,49.0,3
964,49.0,6
1970,49.0,2
25,49.0,3
3404,49.0,11
3235,49.0,19
4687,49.0,4
5402,49.0,8
4298,49.0,5
261,49.0,3
619,49.0,5
684,49.0,6
501,49.0,4
379,49.0,2
1373,49.0,3
3824,49.0,4
1595,49.0,4
2637,49.0,9
2300,49.0,5
140,49.0,5
965,49.0,5
1463,49.0,3
3418,49.0,5
616,49.0,3
502,49.0,2
1969,49.0,3
383,49.0,1
1840,49.0,5
3621,49.0,1
2679,49.0,4
4690,49.0,8
1371,49.0,5
848,49.0,4
1581,49.0,9
4405,49.0,3
141,49.0,3
2836,49.0,6
5471,49.0,7
258,49.0,3
500,49.0,14
3247,49.0,7
1968,49.0,8
1842,49.0,11
3620,49.0,4
1376,49.0,5
2680,49.0,7
5866,49.0,3
2325,49.0,6
846,49.0,4
1261,49.0,4
729,49.0,4
2520,49.0,2
1475,49.0,4
4407,49.0,3
265,49.0,3
1378,49.0,5
2842,49.0,5
1846,49.0,2
386,49.0,2
5968,49.0,6
3417,49.0,3
592,49.0,3
968,49.0,6
3626,49.0,8
2329,49.0,12
462,49.0,3
3250,49.0,4
5476,49.0,8
1263,49.0,5
731,49.0,2
145,49.0,7
3823,49.0,3
5199,49.0,4
2651,49.0,3
1377,49.0,1
849,49.0,5
504,49.0,3
3422,49.0,4
2330,49.0,1
2844,49.0,2
5472,49.0,3
622,49.0,4
911,49.0,3
1599,49.0,4
382,49.0,4
3627,49.0,3
144,49.0,5
3248,49.0,5
1479,49.0,5
1146,49.0,4
5203,49.0,5
1372,49.0,6
1264,49.0,1
4641,49.0,3
620,49.0,3
3568,49.0,4
2331,49.0,3
266,49.0,6
730,49.0,3
5411,49.0,7
1977,49.0,13
1847,49.0,6
3251,49.0,7
1549,49.0,6
2843,49.0,10
2526,49.0,3
3828,49.0,1
505,49.0,3
1148,49.0,3
5191,49.0,3
1266,49.0,3
852,49.0,4
1381,49.0,3
2299,49.0,6
1809,49.0,7
1601,49.0,5
1971,49.0,2
5479,49.0,5
3254,49.0,3
3826,49.0,2
2110,49.0,4
507,49.0,3
2687,49.0,5
850,49.0,7
4699,49.0,5
1268,49.0,4
2334,49.0,10
1379,49.0,6
147,49.0,3
4420,49.0,5
1096,49.0,3
5477,49.0,5
1417,49.0,4
2846,49.0,3
35,49.0,3
3429,49.0,5
392,49.0,2
2532,49.0,4
2111,49.0,3
508,49.0,9
3625,49.0,13
736,49.0,2
623,49.0,3
5165,49.0,5
3255,49.0,2
267,49.0,8
835,49.0,6
4695,49.0,4
2336,49.0,8
395,49.0,11
4423,49.0,12
734,49.0,2
5211,49.0,4
1981,49.0,9
972,49.0,3
1605,49.0,5
3831,49.0,4
1269,49.0,3
510,49.0,4
151,49.0,5
2533,49.0,3
853,49.0,4
1150,49.0,6
34,49.0,4
624,49.0,3
1714,49.0,3
2115,49.0,5
5215,49.0,5
3425,49.0,5
4417,49.0,5
3260,49.0,4
1272,49.0,3
397,49.0,22
271,49.0,4
2690,49.0,3
36,49.0,4
1488,49.0,8
1130,49.0,6
3608,49.0,10
5023,49.0,6
2338,49.0,4
627,49.0,3
1607,49.0,3
5481,49.0,5
1718,49.0,1
2112,49.0,3
4424,49.0,2
1820,49.0,4
3833,49.0,3
3430,49.0,4
2534,49.0,0
3261,49.0,8
396,49.0,8
5216,49.0,6
2691,49.0,7
269,49.0,8
2339,49.0,1
37,49.0,5
1490,49.0,11
5480,49.0,6
5022,49.0,3
1271,49.0,3
1606,49.0,3
1721,49.0,5
92,49.0,3
2537,49.0,3
3431,49.0,1
3837,49.0,7
398,49.0,1
4430,49.0,12
3262,49.0,4
513,49.0,10
2694,49.0,3
604,49.0,0
272,49.0,6
2116,49.0,7
29,49.0,10
1611,49.0,2
5025,49.0,1
5485,49.0,7
1719,49.0,9
1270,49.0,2
1151,49.0,2
3835,49.0,3
400,49.0,5
152,49.0,2
2695,49.0,8
511,49.0,6
2119,49.0,4
4427,49.0,4
5487,49.0,2
1612,49.0,5
3432,49.0,4
5028,49.0,4
517,49.0,1
1720,49.0,1
3838,49.0,5
5218,49.0,4
742,49.0,4
628,49.0,3
1978,49.0,13
2697,49.0,4
3267,49.0,5
1494,49.0,10
4438,49.0,3
2121,49.0,4
854,49.0,6
1613,49.0,5
5486,49.0,5
5027,49.0,3
3434,49.0,3
741,49.0,3
277,49.0,4
3842,49.0,3
2543,49.0,5
3633,49.0,4
512,49.0,0
2692,49.0,3
1856,49.0,4
3265,49.0,9
1495,49.0,4
1982,49.0,7
967,49.0,4
2340,49.0,10
4435,49.0,4
1344,49.0,12
1614,49.0,6
275,49.0,7
2544,49.0,8
1723,49.0,10
39,49.0,4
630,49.0,5
519,49.0,1
1156,49.0,4
1275,49.0,5
3435,49.0,4
3840,49.0,2
974,49.0,9
155,49.0,5
817,49.0,21
2122,49.0,5
1382,49.0,5
5230,49.0,2
225,49.0,3
1853,49.0,7
3268,49.0,4
1496,49.0,6
2311,49.0,6
4439,49.0,4
5488,49.0,14
399,49.0,4
1276,49.0,4
5031,49.0,1
3843,49.0,3
2700,49.0,5
743,49.0,2
520,49.0,2
3436,49.0,7
633,49.0,4
2847,49.0,7
1987,49.0,5
2124,49.0,2
3789,49.0,1
5491,49.0,3
3645,49.0,9
973,49.0,16
2547,49.0,3
1727,49.0,3
1160,49.0,4
1860,49.0,6
748,49.0,3
4444,49.0,1
3439,49.0,3
521,49.0,3
5033,49.0,2
1383,49.0,7
635,49.0,3
1619,49.0,5
1985,49.0,9
857,49.0,7
278,49.0,4
975,49.0,3
1726,49.0,7
1273,49.0,3
4450,49.0,3
5192,49.0,4
2703,49.0,5
745,49.0,2
3445,49.0,3
2549,49.0,4
5035,49.0,11
2125,49.0,5
3623,49.0,9
2348,49.0,2
1425,49.0,4
1825,49.0,10
522,49.0,4
638,49.0,8
2855,49.0,3
772,49.0,5
4446,49.0,7
1279,49.0,4
282,49.0,2
5036,49.0,20
980,49.0,4
1386,49.0,4
1162,49.0,2
1861,49.0,4
404,49.0,8
2550,49.0,6
3447,49.0,6
1986,49.0,7
2123,49.0,6
701,49.0,1
3273,49.0,2
3640,49.0,2
1500,49.0,2
5497,49.0,2
40,49.0,11
860,49.0,3
3851,49.0,9
1620,49.0,5
4428,49.0,1
5034,49.0,0
516,49.0,3
1346,49.0,4
3401,49.0,2
978,49.0,4
1161,49.0,6
405,49.0,3
5320,49.0,6
2127,49.0,10
2552,49.0,5
636,49.0,4
3274,49.0,15
2857,49.0,5
1211,49.0,3
1863,49.0,8
859,49.0,6
4456,49.0,2
284,49.0,3
1498,49.0,2
2352,49.0,4
1385,49.0,7
1622,49.0,4
5037,49.0,4
45,49.0,3
526,49.0,2
3454,49.0,3
407,49.0,1
5325,49.0,1
3795,49.0,5
2529,49.0,5
3277,49.0,3
2859,49.0,4
639,49.0,2
1502,49.0,5
1389,49.0,6
2355,49.0,3
5038,49.0,3
979,49.0,4
3460,49.0,5
2706,49.0,8
529,49.0,11
1733,49.0,3
5499,49.0,3
3656,49.0,1
1284,49.0,2
1868,49.0,6
641,49.0,6
2554,49.0,3
1390,49.0,8
3278,49.0,2
1503,49.0,3
49,49.0,1
528,49.0,7
3660,49.0,3
3857,49.0,7
4460,49.0,3
2708,49.0,5
3459,49.0,1
2357,49.0,20
5612,49.0,6
5039,49.0,10
1283,49.0,2
981,49.0,3
5330,49.0,5
1993,49.0,1
2559,49.0,5
2130,49.0,8
2861,49.0,3
1735,49.0,2
1392,49.0,11
393,49.0,1
3658,49.0,5
2712,49.0,5
3461,49.0,3
752,49.0,2
1626,49.0,3
1504,49.0,3
5041,49.0,3
3280,49.0,3
4410,49.0,5
5331,49.0,3
486,49.0,3
865,49.0,3
2557,49.0,3
1870,49.0,3
2354,49.0,3
703,49.0,5
2862,49.0,3
3644,49.0,3
3279,49.0,6
2132,49.0,3
1736,49.0,6
4458,49.0,4
1394,49.0,5
1286,49.0,4
408,49.0,6
292,49.0,2
3462,49.0,4
51,49.0,5
861,49.0,9
2539,49.0,2
1624,49.0,7
5707,49.0,3
757,49.0,1
2131,49.0,8
2359,49.0,11
1387,49.0,6
3465,49.0,3
982,49.0,4
3624,49.0,6
2864,49.0,6
3281,49.0,4
1287,49.0,9
1737,49.0,6
2715,49.0,5
5045,49.0,1
2545,49.0,8
531,49.0,3
5703,49.0,3
866,49.0,3
3861,49.0,3
3641,49.0,3
1627,49.0,4
2360,49.0,4
1396,49.0,5
3464,49.0,3
3284,49.0,2
984,49.0,3
2869,49.0,5
1281,49.0,7
50,49.0,4
1738,49.0,3
2717,49.0,1
755,49.0,4
5334,49.0,1
402,49.0,5
1995,49.0,4
1841,49.0,6
1628,49.0,3
533,49.0,4
2362,49.0,3
5046,49.0,7
1290,49.0,5
987,49.0,5
3864,49.0,4
758,49.0,3
3283,49.0,2
2133,49.0,5
2678,49.0,4
410,49.0,3
2872,49.0,9
1739,49.0,3
5319,49.0,4
4472,49.0,6
2000,49.0,1
3286,49.0,1
532,49.0,4
988,49.0,6
3860,49.0,8
1873,49.0,4
52,49.0,3
2001,49.0,4
2716,49.0,9
3473,49.0,8
5049,49.0,3
1741,49.0,7
5342,49.0,45
1289,49.0,4
759,49.0,6
5709,49.0,5
1632,49.0,4
1510,49.0,4
159,49.0,7
3702,49.0,5
1388,49.0,4
2367,49.0,5
1740,49.0,9
3868,49.0,4
534,49.0,3
1997,49.0,3
5728,49.0,3
5048,49.0,2
2850,49.0,2
3474,49.0,7
4476,49.0,4
990,49.0,5
2564,49.0,9
3285,49.0,4
1631,49.0,9
1874,49.0,3
3595,49.0,5
868,49.0,11
3475,49.0,5
1988,49.0,2
2142,49.0,9
5051,49.0,2
643,49.0,4
5347,49.0,1
2874,49.0,4
2567,49.0,8
1633,49.0,5
762,49.0,3
1294,49.0,9
171,49.0,3
1864,49.0,6
989,49.0,4
3659,49.0,3
295,49.0,3
2724,49.0,2
5743,49.0,8
1401,49.0,3
3476,49.0,4
5346,49.0,6
5055,49.0,7
2509,49.0,4
3867,49.0,2
2366,49.0,10
4475,49.0,3
2881,49.0,19
1634,49.0,5
867,49.0,2
2004,49.0,5
3293,49.0,4
1875,49.0,4
1293,49.0,8
290,49.0,4
1404,49.0,3
5745,49.0,3
2566,49.0,10
5348,49.0,4
3471,49.0,2
4440,49.0,4
5057,49.0,3
991,49.0,3
2370,49.0,3
2006,49.0,2
2145,49.0,20
872,49.0,3
414,49.0,7
765,49.0,5
2725,49.0,3
645,49.0,3
3709,49.0,3
298,49.0,2
4436,49.0,4
1635,49.0,10
1403,49.0,5
2002,49.0,4
2884,49.0,4
2574,49.0,15
5350,49.0,3
172,49.0,6
3295,49.0,3
875,49.0,3
2108,49.0,4
5735,49.0,4
5058,49.0,4
3477,49.0,4
1881,49.0,4
994,49.0,7
768,49.0,5
648,49.0,6
297,49.0,4
3876,49.0,12
174,49.0,5
5355,49.0,3
2882,49.0,4
2371,49.0,9
3710,49.0,2
4483,49.0,3
1884,49.0,10
2713,49.0,3
1361,49.0,3
2005,49.0,19
3296,49.0,5
1639,49.0,5
3371,49.0,1
370,49.0,2
1300,49.0,5
3712,49.0,4
993,49.0,2
5751,49.0,4
1163,49.0,4
5352,49.0,3
767,49.0,5
1848,49.0,4
2577,49.0,2
2727,49.0,16
2387,49.0,10
4484,49.0,7
2886,49.0,5
5060,49.0,3
877,49.0,3
3483,49.0,3
417,49.0,3
2575,49.0,5
2141,49.0,4
992,49.0,4
5713,49.0,25
1406,49.0,6
878,49.0,3
2388,49.0,3
1637,49.0,6
3482,49.0,3
2014,49.0,2
651,49.0,6
3717,49.0,4
5056,49.0,3
4488,49.0,2
2576,49.0,1
3886,49.0,9
2149,49.0,5
995,49.0,6
420,49.0,8
1405,49.0,2
1883,49.0,4
1642,49.0,7
2889,49.0,7
63,49.0,5
2007,49.0,6
1165,49.0,5
3480,49.0,4
644,49.0,3
5063,49.0,6
3720,49.0,5
5753,49.0,9
535,49.0,9
753,49.0,3
1299,49.0,4
1886,49.0,11
4451,49.0,2
2402,49.0,2
3829,49.0,6
5359,49.0,3
69,49.0,4
880,49.0,0
2891,49.0,14
1523,49.0,3
1155,49.0,3
3722,49.0,4
2730,49.0,2
1742,49.0,7
773,49.0,2
1513,49.0,2
2404,49.0,4
3884,49.0,6
881,49.0,6
653,49.0,6
3484,49.0,3
1890,49.0,11
5064,49.0,6
3726,49.0,1
4497,49.0,3
1170,49.0,2
2890,49.0,3
1745,49.0,9
2153,49.0,7
2733,49.0,2
2584,49.0,3
776,49.0,4
655,49.0,3
1065,49.0,3
3887,49.0,5
1411,49.0,2
537,49.0,8
1305,49.0,6
2403,49.0,8
391,49.0,4
5065,49.0,2
5361,49.0,4
2010,49.0,1
1171,49.0,6
1747,49.0,13
4499,49.0,5
1514,49.0,4
656,49.0,5
1410,49.0,4
1071,49.0,7
302,49.0,3
70,49.0,3
5029,49.0,5
3889,49.0,3
1307,49.0,5
2541,49.0,5
2405,49.0,5
5368,49.0,1
423,49.0,3
775,49.0,5
538,49.0,2
3728,49.0,3
1748,49.0,3
2154,49.0,3
3488,49.0,2
3893,49.0,3
778,49.0,5
5071,49.0,6
1645,49.0,7
2587,49.0,3
1068,49.0,5
1400,49.0,4
540,49.0,4
657,49.0,5
1894,49.0,3
3731,49.0,3
2894,49.0,4
304,49.0,3
5369,49.0,2
1891,49.0,5
1749,49.0,14
1172,49.0,4
3489,49.0,4
4506,49.0,9
175,49.0,3
2740,49.0,3
3896,49.0,3
5066,49.0,4
1515,49.0,7
2158,49.0,4
661,49.0,3
779,49.0,11
2588,49.0,9
1173,49.0,5
2908,49.0,7
518,49.0,3
5732,49.0,16
2412,49.0,4
310,49.0,2
2021,49.0,3
3492,49.0,2
427,49.0,3
4482,49.0,3
2693,49.0,4
3241,49.0,4
5376,49.0,2
1066,49.0,4
1650,49.0,4
1249,49.0,7
3733,49.0,1
5772,49.0,3
1897,49.0,6
5076,49.0,2
1699,49.0,3
658,49.0,3
2019,49.0,4
309,49.0,4
2152,49.0,6
467,49.0,1
887,49.0,1
4509,49.0,4
781,49.0,6
5374,49.0,3
3497,49.0,3
1416,49.0,2
1167,49.0,1
1253,49.0,5
179,49.0,5
5078,49.0,7
5777,49.0,7
1899,49.0,5
259,49.0,0
1750,49.0,1
3294,49.0,4
541,49.0,18
2421,49.0,3
2592,49.0,6
3810,49.0,2
180,49.0,4
429,49.0,11
5373,49.0,4
1310,49.0,5
727,49.0,3
3297,49.0,16
5779,49.0,3
891,49.0,2
1177,49.0,3
308,49.0,4
5070,49.0,5
3498,49.0,6
1900,49.0,4
1072,49.0,3
1754,49.0,6
2912,49.0,2
539,49.0,4
3888,49.0,4
666,49.0,12
2023,49.0,8
2223,49.0,4
2593,49.0,5
1521,49.0,3
4511,49.0,4
3298,49.0,3
782,49.0,4
5781,49.0,5
431,49.0,4
1859,49.0,27
1180,49.0,4
2385,49.0,7
1075,49.0,2
1753,49.0,24
3499,49.0,3
182,49.0,5
5075,49.0,2
1951,49.0,6
3891,49.0,4
2225,49.0,9
1418,49.0,5
1312,49.0,3
3300,49.0,4
1522,49.0,4
5385,49.0,6
2591,49.0,20
667,49.0,3
1655,49.0,5
1181,49.0,2
2426,49.0,2
432,49.0,1
764,49.0,3
544,49.0,2
2914,49.0,7
1077,49.0,1
79,49.0,5
2751,49.0,3
4508,49.0,2
894,49.0,5
2222,49.0,7
2024,49.0,5
1520,49.0,5
317,49.0,4
1419,49.0,7
3894,49.0,3
1182,49.0,4
130,49.0,4
2429,49.0,3
3501,49.0,3
543,49.0,2
5080,49.0,3
5386,49.0,4
1311,49.0,3
1647,49.0,3
2910,49.0,5
2720,49.0,2
3303,49.0,3
4514,49.0,19
2233,49.0,3
1422,49.0,5
318,49.0,2
2015,49.0,10
663,49.0,1
1184,49.0,3
2595,49.0,4
3502,49.0,4
4200,49.0,4
2427,49.0,2
542,49.0,2
1658,49.0,4
5085,49.0,3
184,49.0,3
896,49.0,5
784,49.0,3
1313,49.0,10
5387,49.0,8
1525,49.0,4
3304,49.0,1
4520,49.0,2
1083,49.0,3
2597,49.0,4
2032,49.0,7
434,49.0,3
4201,49.0,3
3406,49.0,6
1132,49.0,5
2417,49.0,4
1659,49.0,1
1898,49.0,1
2921,49.0,2
5087,49.0,3
1314,49.0,3
902,49.0,3
647,49.0,4
786,49.0,4
2239,49.0,9
1524,49.0,4
5388,49.0,6
1085,49.0,3
3305,49.0,1
2035,49.0,5
4202,49.0,4
1657,49.0,4
1178,49.0,30
547,49.0,7
2596,49.0,12
1318,49.0,4
5090,49.0,3
901,49.0,4
599,49.0,10
2922,49.0,4
1423,49.0,2
1905,49.0,4
2428,49.0,4
2237,49.0,17
3510,49.0,6
1080,49.0,5
2038,49.0,4
5389,49.0,1
436,49.0,6
1660,49.0,4
1183,49.0,8
185,49.0,2
1518,49.0,8
1421,49.0,7
903,49.0,4
4526,49.0,8
671,49.0,4
2599,49.0,6
551,49.0,6
2920,49.0,3
2242,49.0,6
3511,49.0,2
1088,49.0,3
2040,49.0,6
1316,49.0,3
789,49.0,6
4209,49.0,3
5054,49.0,5
1661,49.0,6
2600,49.0,2
188,49.0,8
2438,49.0,6
4531,49.0,4
5390,49.0,2
1185,49.0,8
2238,49.0,6
1413,49.0,2
2045,49.0,5
1086,49.0,10
1662,49.0,2
5092,49.0,1
787,49.0,4
1908,49.0,11
2924,49.0,3
3516,49.0,5
3308,49.0,3
2230,49.0,2
1529,49.0,12
4285,49.0,5
2766,49.0,4
2037,49.0,1
556,49.0,2
1424,49.0,7
2441,49.0,3
1087,49.0,15
1321,49.0,5
673,49.0,4
437,49.0,4
1648,49.0,4
1912,49.0,3
3518,49.0,5
2247,49.0,6
1528,49.0,12
4277,49.0,5
1703,49.0,15
2764,49.0,8
3741,49.0,6
3310,49.0,2
676,49.0,3
791,49.0,4
5096,49.0,5
1909,49.0,4
1090,49.0,3
75,49.0,5
307,49.0,3
2445,49.0,4
5396,49.0,9
190,49.0,3
4286,49.0,5
2609,49.0,2
3319,49.0,5
442,49.0,5
908,49.0,12
3747,49.0,11
796,49.0,6
557,49.0,3
2767,49.0,4
677,49.0,2
1665,49.0,4
3520,49.0,21
1913,49.0,3
1193,49.0,5
5097,49.0,5
1317,49.0,5
2245,49.0,4
2444,49.0,2
1427,49.0,4
194,49.0,2
77,49.0,5
2048,49.0,4
406,49.0,2
3748,49.0,2
4283,49.0,5
1267,49.0,4
331,49.0,3
675,49.0,3
5099,49.0,9
907,49.0,2
1758,49.0,1
2244,49.0,4
1663,49.0,3
1141,49.0,4
553,49.0,4
5326,49.0,5
3523,49.0,6
196,49.0,5
2929,49.0,3
1430,49.0,7
2446,49.0,11
1532,49.0,2
3324,49.0,5
3749,49.0,4
794,49.0,6
4564,49.0,5
5795,49.0,4
1833,49.0,7
2049,49.0,6
80,49.0,4
674,49.0,4
2771,49.0,5
899,49.0,2
4278,49.0,3
3522,49.0,3
5104,49.0,3
330,49.0,5
2611,49.0,5
5398,49.0,5
1666,49.0,5
1533,49.0,3
2928,49.0,3
2447,49.0,2
1761,49.0,3
1428,49.0,11
797,49.0,6
1914,49.0,12
4288,49.0,3
1324,49.0,6
3328,49.0,4
2932,49.0,3
2251,49.0,2
5747,49.0,4
3525,49.0,5
910,49.0,8
1094,49.0,4
195,49.0,4
2777,49.0,4
5105,49.0,6
1664,49.0,3
2612,49.0,9
3751,49.0,3
1535,49.0,6
793,49.0,3
85,49.0,3
559,49.0,5
1916,49.0,71
2050,49.0,1
1195,49.0,1
4553,49.0,7
2614,49.0,9
3331,49.0,4
148,49.0,6
1431,49.0,3
1667,49.0,3
5113,49.0,3
4295,49.0,6
915,49.0,4
1097,49.0,3
1762,49.0,7
447,49.0,4
800,49.0,0
1194,49.0,3
197,49.0,6
83,49.0,2
562,49.0,3
2615,49.0,0
4567,49.0,3
3527,49.0,23
2250,49.0,2
3313,49.0,3
913,49.0,4
1668,49.0,1
1274,49.0,3
1433,49.0,6
200,49.0,4
560,49.0,6
2782,49.0,3
2056,49.0,7
5403,49.0,5
916,49.0,2
1197,49.0,6
1540,49.0,3
2616,49.0,3
1764,49.0,11
5118,49.0,3
2253,49.0,4
3332,49.0,2
1099,49.0,4
1669,49.0,7
449,49.0,4
1327,49.0,5
1434,49.0,1
2051,49.0,8
1538,49.0,2
1759,49.0,3
3529,49.0,4
2257,49.0,2
1671,49.0,3
912,49.0,3
1198,49.0,4
5823,49.0,4
452,49.0,0
2617,49.0,2
5337,49.0,3
5116,49.0,4
198,49.0,1
801,49.0,7
3336,49.0,3
672,49.0,2
1329,49.0,10
563,49.0,6
1391,49.0,4
3531,49.0,4
86,49.0,7
2936,49.0,5
3708,49.0,1
1541,49.0,7
2619,49.0,4
3339,49.0,3
2058,49.0,3
685,49.0,4
1330,49.0,6
1923,49.0,12
5835,49.0,1
201,49.0,4
4574,49.0,4
564,49.0,5
918,49.0,3
5124,49.0,1
5409,49.0,3
1766,49.0,3
4321,49.0,3
1674,49.0,17
2937,49.0,6
1200,49.0,4
89,49.0,1
448,49.0,9
2265,49.0,4
2027,49.0,4
686,49.0,3
2618,49.0,3
1102,49.0,2
2460,49.0,5
199,49.0,3
332,49.0,3
565,49.0,1
855,49.0,5
1539,49.0,1
805,49.0,3
1765,49.0,4
5123,49.0,2
4318,49.0,3
1673,49.0,4
3533,49.0,2
2938,49.0,4
1331,49.0,1
3762,49.0,5
1929,49.0,2
5410,49.0,3
1199,49.0,6
2620,49.0,3
3344,49.0,7
204,49.0,5
2059,49.0,8
2266,49.0,4
335,49.0,1
1439,49.0,6
4583,49.0,8
1333,49.0,3
3763,49.0,5
5414,49.0,6
2939,49.0,3
1202,49.0,4
4323,49.0,4
1481,49.0,3
5842,49.0,2
451,49.0,4
3348,49.0,0
2055,49.0,14
2261,49.0,3
688,49.0,2
808,49.0,5
1769,49.0,3
1103,49.0,6
922,49.0,4
5127,49.0,4
3534,49.0,4
88,49.0,4
1678,49.0,4
1201,49.0,3
3729,49.0,4
2941,49.0,6
1932,49.0,4
5416,49.0,8
2627,49.0,8
2471,49.0,4
338,49.0,4
4588,49.0,12
3349,49.0,8
2061,49.0,4
415,49.0,3
4325,49.0,9
1337,49.0,0
1768,49.0,3
1440,49.0,2
3537,49.0,6
5419,49.0,1
3765,49.0,3
1676,49.0,3
923,49.0,6
1203,49.0,7
2726,49.0,9
690,49.0,6
2386,49.0,3
3347,49.0,4
5088,49.0,2
458,49.0,6
4558,49.0,4
2271,49.0,8
2062,49.0,6
4330,49.0,3
1773,49.0,5
2945,49.0,12
2628,49.0,5
94,49.0,3
1677,49.0,5
1441,49.0,3
5417,49.0,5
3738,49.0,4
1332,49.0,5
811,49.0,7
206,49.0,4
2063,49.0,4
2263,49.0,8
2474,49.0,3
3350,49.0,5
3538,49.0,8
1205,49.0,2
340,49.0,1
1771,49.0,10
459,49.0,3
1536,49.0,7
5115,49.0,8
2631,49.0,3
4332,49.0,12
95,49.0,2
1679,49.0,5
3351,49.0,6
813,49.0,6
1340,49.0,4
3541,49.0,5
1204,49.0,4
2064,49.0,13
2781,49.0,3
1772,49.0,17
163,49.0,2
5420,49.0,10
2476,49.0,2
5134,49.0,4
5853,49.0,5
3771,49.0,5
2629,49.0,5
1547,49.0,7
1444,49.0,6
4599,49.0,2
1938,49.0,4
631,49.0,5
812,49.0,2
456,49.0,35
1339,49.0,4
4333,49.0,3
3352,49.0,4
2950,49.0,5
2273,49.0,1
3503,49.0,5
1774,49.0,5
2783,49.0,4
2066,49.0,5
5133,49.0,4
924,49.0,2
1438,49.0,2
548,49.0,3
4600,49.0,4
4334,49.0,4
694,49.0,4
1551,49.0,2
2951,49.0,3
1682,49.0,4
99,49.0,4
5418,49.0,4
1104,49.0,1
1341,49.0,3
3360,49.0,4
212,49.0,3
2274,49.0,7
927,49.0,4
571,49.0,5
461,49.0,11
5139,49.0,1
1429,49.0,7
4336,49.0,3
1207,49.0,7
2956,49.0,4
695,49.0,3
1342,49.0,0
3362,49.0,5
1552,49.0,4
97,49.0,4
807,49.0,5
2786,49.0,3
1776,49.0,8
929,49.0,16
2479,49.0,4
1940,49.0,7
4606,49.0,3
4335,49.0,2
2065,49.0,6
572,49.0,2
2955,49.0,3
1206,49.0,4
5137,49.0,2
697,49.0,9
3363,49.0,3
5857,49.0,4
814,49.0,5
464,49.0,4
2787,49.0,23
1548,49.0,1
1777,49.0,7
2641,49.0,11
2272,49.0,4
930,49.0,3
1447,49.0,3
3364,49.0,5
4609,49.0,3
573,49.0,4
1210,49.0,3
815,49.0,3
101,49.0,3
2957,49.0,3
1888,49.0,3
5425,49.0,7
2073,49.0,3
465,49.0,4
1555,49.0,10
2789,49.0,-1
3560,49.0,4
1298,49.0,7
933,49.0,5
698,49.0,3
1398,49.0,5
4611,49.0,4
816,49.0,4
2958,49.0,12
1781,49.0,2
5117,49.0,5
1942,49.0,8
3366,49.0,2
1491,49.0,1
1347,49.0,6
3564,49.0,7
1212,49.0,2
3777,49.0,4
2482,49.0,9
1448,49.0,5
103,49.0,6
2959,49.0,3
5430,49.0,3
2788,49.0,3
3367,49.0,3
1943,49.0,8
2281,49.0,5
3781,49.0,10
699,49.0,2
1553,49.0,8
931,49.0,6
1784,49.0,4
1449,49.0,7
2282,49.0,10
1158,49.0,3
692,49.0,5
2964,49.0,6
935,49.0,1
1554,49.0,4
96,49.0,4
2793,49.0,3
470,49.0,12
1946,49.0,5
3370,49.0,4
3782,49.0,3
5879,49.0,8
702,49.0,3
2078,49.0,4
1216,49.0,4
3569,49.0,9
4352,49.0,4
936,49.0,4
471,49.0,3
2735,49.0,0
2953,49.0,7
2283,49.0,4
3780,49.0,6
1788,49.0,9
3380,49.0,6
2012,49.0,4
937,49.0,4
104,49.0,3
4350,49.0,3
3571,49.0,3
705,49.0,7
2791,49.0,9
2966,49.0,8
1734,49.0,6
1105,49.0,3
2080,49.0,0
3379,49.0,6
821,49.0,7
4356,49.0,3
105,49.0,3
659,49.0,3
1213,49.0,5
2963,49.0,14
1790,49.0,7
3381,49.0,8
2796,49.0,1
5141,49.0,4
1219,49.0,2
2968,49.0,4
107,49.0,1
2075,49.0,5
1218,49.0,5
1793,49.0,2
2967,49.0,4
574,49.0,1
2083,49.0,2
1220,49.0,4
5145,49.0,21
575,49.0,3
1796,49.0,23
216,49.0,2
346,49.0,4
1222,49.0,10
5428,49.0,4
114,49.0,3
5144,49.0,3
344,49.0,4
1082,49.0,4
1221,49.0,2
1791,49.0,7
576,49.0,6
112,49.0,3
217,49.0,2
5147,49.0,3
1558,49.0,3
577,49.0,3
1798,49.0,4
1556,49.0,5
578,49.0,4
5150,49.0,2
1117,49.0,3
1560,49.0,3
1799,49.0,4
1118,49.0,2
1801,49.0,10
579,49.0,5
1563,49.0,6
1802,49.0,9
580,49.0,4
1113,49.0,2
224,49.0,6
1557,49.0,3
3383,49.0,10
1803,49.0,4
581,49.0,3
231,49.0,5
1805,49.0,3
582,49.0,2
227,49.0,4
1807,49.0,5
1746,49.0,7
1123,49.0,2
1570,49.0,2
585,49.0,6
1223,49.0,3
1225,49.0,5
536,49.0,7
1226,49.0,2
1227,49.0,2
1228,49.0,4
1229,49.0,3
1231,49.0,1
1232,49.0,11
589,49.0,4
588,49.0,4
